[
    {
        "TeamName": "Broncos",
        "Played": "1",
        "Tries": "2",
        "Points": "10",
        "Goals": "1",
        "Line Engaged": "33",
        "Completion": "78",
        "Support": "58",
        "Line Breaks": "1",
        "Post Contact Metres": "585",
        "Tackle Breaks": "30",
        "Run Metres": "1,783",
        "Runs": "207",
        "Kick Return Metres": "172",
        "Offloads": "11",
        "Line Break Assists": "1",
        "Kicks": "23",
        "Kick Metres": "585",
        "Try Assists": "2",
        "Conversion Percentage": "50",
        "All Receipts": "410",
        "Decoy Runs": "26",
        "Dummy Half Runs": "7",
        "Tackles": "355",
        "Missed Tackles": "36",
        "Errors": "15",
        "Ineffective Tackles": "22",
        "Penalties Conceded": "5",
        "Handling Errors": "13"
    }
]