[
    {
        "TeamName": "Rabbitohs",
        "Played": "1",
        "Tries": "5",
        "Points": "24",
        "Goals": "2",
        "Line Engaged": "37",
        "Completion": "80",
        "Support": "61",
        "Line Breaks": "5",
        "Post Contact Metres": "488",
        "Tackle Breaks": "38",
        "Run Metres": "1,644",
        "Runs": "206",
        "Kick Return Metres": "148",
        "Offloads": "4",
        "Line Break Assists": "3",
        "Kicks": "21",
        "Kick Metres": "770",
        "Try Assists": "3",
        "Conversion Percentage": "40",
        "All Receipts": "410",
        "Decoy Runs": "40",
        "Dummy Half Runs": "13",
        "Tackles": "308",
        "Missed Tackles": "31",
        "Short Dropouts": "1",
        "Errors": "11",
        "Ineffective Tackles": "11",
        "Penalties Conceded": "5",
        "Handling Errors": "11"
    }
]