[
    {
        "TeamName": "Roosters",
        "Played": "1",
        "Tries": "3",
        "Points": "20",
        "Goals": "4",
        "Line Engaged": "19",
        "Completion": "82",
        "Support": "83",
        "Line Breaks": "4",
        "Post Contact Metres": "621",
        "Tackle Breaks": "36",
        "Run Metres": "1,814",
        "Runs": "213",
        "Kick Return Metres": "97",
        "Offloads": "14",
        "Line Break Assists": "3",
        "Kicks": "25",
        "Kick Metres": "720",
        "Try Assists": "2",
        "Conversion Percentage": "100",
        "All Receipts": "467",
        "Decoy Runs": "34",
        "Dummy Half Runs": "9",
        "Tackles": "338",
        "Missed Tackles": "30",
        "Intercepts": "2",
        "Short Dropouts": "2",
        "Errors": "8",
        "Ineffective Tackles": "16",
        "Penalties Conceded": "7",
        "Handling Errors": "7"
    }
]