[
    {
        "TeamName": "Sea Eagles",
        "Played": "1",
        "Tries": "6",
        "Points": "36",
        "Goals": "6",
        "Line Engaged": "46",
        "Completion": "79",
        "Support": "46",
        "Line Breaks": "7",
        "Post Contact Metres": "485",
        "Tackle Breaks": "31",
        "Run Metres": "1,871",
        "Runs": "208",
        "Kick Return Metres": "210",
        "Offloads": "8",
        "Line Break Assists": "3",
        "Kicks": "21",
        "Kick Metres": "555",
        "Try Assists": "2",
        "Conversion Percentage": "100",
        "All Receipts": "423",
        "Decoy Runs": "50",
        "Dummy Half Runs": "8",
        "Tackles": "330",
        "Missed Tackles": "38",
        "Charge Downs": "1",
        "Intercepts": "3",
        "Errors": "14",
        "Ineffective Tackles": "11",
        "Penalties Conceded": "1",
        "Handling Errors": "14"
    }
]