[
    {
        "Pos": 1,
        "TeamName": "Sea Eagles",
        "Played": 1,
        "Points": 2,
        "Wins": 1,
        "Drawn": 0,
        "Lost": 0,
        "Byes": 0,
        "For": 36,
        "Against": 24,
        "Diff": 12,
        "Home": "1 - 0",
        "Away": "0 - 0",
        "Form": "1 - 0"
    },
    {
        "Pos": 2,
        "TeamName": "Roosters",
        "Played": 1,
        "Points": 2,
        "Wins": 1,
        "Drawn": 0,
        "Lost": 0,
        "Byes": 0,
        "For": 20,
        "Against": 10,
        "Diff": 10,
        "Home": "1 - 0",
        "Away": "0 - 0",
        "Form": "1 - 0"
    },
    {
        "Pos": 3,
        "TeamName": "Wests Tigers",
        "Played": 0,
        "Points": 2,
        "Wins": 0,
        "Drawn": 0,
        "Lost": 0,
        "Byes": 1,
        "For": 0,
        "Against": 0,
        "Diff": 0,
        "Home": "0 - 0",
        "Away": "0 - 0",
        "Form": "0 - 0"
    },
    {
        "Pos": 4,
        "TeamName": "Raiders",
        "Played": 0,
        "Points": 0,
        "Wins": 0,
        "Drawn": 0,
        "Lost": 0,
        "Byes": 0,
        "For": 0,
        "Against": 0,
        "Diff": 0,
        "Home": "0 - 0",
        "Away": "0 - 0",
        "Form": "0 - 0"
    },
    {
        "Pos": 5,
        "TeamName": "Bulldogs",
        "Played": 0,
        "Points": 0,
        "Wins": 0,
        "Drawn": 0,
        "Lost": 0,
        "Byes": 0,
        "For": 0,
        "Against": 0,
        "Diff": 0,
        "Home": "0 - 0",
        "Away": "0 - 0",
        "Form": "0 - 0"
    },
    {
        "Pos": 6,
        "TeamName": "Sharks",
        "Played": 0,
        "Points": 0,
        "Wins": 0,
        "Drawn": 0,
        "Lost": 0,
        "Byes": 0,
        "For": 0,
        "Against": 0,
        "Diff": 0,
        "Home": "0 - 0",
        "Away": "0 - 0",
        "Form": "0 - 0"
    },
    {
        "Pos": 7,
        "TeamName": "Dolphins",
        "Played": 0,
        "Points": 0,
        "Wins": 0,
        "Drawn": 0,
        "Lost": 0,
        "Byes": 0,
        "For": 0,
        "Against": 0,
        "Diff": 0,
        "Home": "0 - 0",
        "Away": "0 - 0",
        "Form": "0 - 0"
    },
    {
        "Pos": 8,
        "TeamName": "Titans",
        "Played": 0,
        "Points": 0,
        "Wins": 0,
        "Drawn": 0,
        "Lost": 0,
        "Byes": 0,
        "For": 0,
        "Against": 0,
        "Diff": 0,
        "Home": "0 - 0",
        "Away": "0 - 0",
        "Form": "0 - 0"
    },
    {
        "Pos": 9,
        "TeamName": "Storm",
        "Played": 0,
        "Points": 0,
        "Wins": 0,
        "Drawn": 0,
        "Lost": 0,
        "Byes": 0,
        "For": 0,
        "Against": 0,
        "Diff": 0,
        "Home": "0 - 0",
        "Away": "0 - 0",
        "Form": "0 - 0"
    },
    {
        "Pos": 10,
        "TeamName": "Warriors",
        "Played": 0,
        "Points": 0,
        "Wins": 0,
        "Drawn": 0,
        "Lost": 0,
        "Byes": 0,
        "For": 0,
        "Against": 0,
        "Diff": 0,
        "Home": "0 - 0",
        "Away": "0 - 0",
        "Form": "0 - 0"
    },
    {
        "Pos": 11,
        "TeamName": "Knights",
        "Played": 0,
        "Points": 0,
        "Wins": 0,
        "Drawn": 0,
        "Lost": 0,
        "Byes": 0,
        "For": 0,
        "Against": 0,
        "Diff": 0,
        "Home": "0 - 0",
        "Away": "0 - 0",
        "Form": "0 - 0"
    },
    {
        "Pos": 12,
        "TeamName": "Cowboys",
        "Played": 0,
        "Points": 0,
        "Wins": 0,
        "Drawn": 0,
        "Lost": 0,
        "Byes": 0,
        "For": 0,
        "Against": 0,
        "Diff": 0,
        "Home": "0 - 0",
        "Away": "0 - 0",
        "Form": "0 - 0"
    },
    {
        "Pos": 13,
        "TeamName": "Eels",
        "Played": 0,
        "Points": 0,
        "Wins": 0,
        "Drawn": 0,
        "Lost": 0,
        "Byes": 0,
        "For": 0,
        "Against": 0,
        "Diff": 0,
        "Home": "0 - 0",
        "Away": "0 - 0",
        "Form": "0 - 0"
    },
    {
        "Pos": 14,
        "TeamName": "Panthers",
        "Played": 0,
        "Points": 0,
        "Wins": 0,
        "Drawn": 0,
        "Lost": 0,
        "Byes": 0,
        "For": 0,
        "Against": 0,
        "Diff": 0,
        "Home": "0 - 0",
        "Away": "0 - 0",
        "Form": "0 - 0"
    },
    {
        "Pos": 15,
        "TeamName": "Dragons",
        "Played": 0,
        "Points": 0,
        "Wins": 0,
        "Drawn": 0,
        "Lost": 0,
        "Byes": 0,
        "For": 0,
        "Against": 0,
        "Diff": 0,
        "Home": "0 - 0",
        "Away": "0 - 0",
        "Form": "0 - 0"
    },
    {
        "Pos": 16,
        "TeamName": "Broncos",
        "Played": 1,
        "Points": 0,
        "Wins": 0,
        "Drawn": 0,
        "Lost": 1,
        "Byes": 0,
        "For": 10,
        "Against": 20,
        "Diff": -10,
        "Home": "0 - 0",
        "Away": "0 - 1",
        "Form": "0 - 1"
    },
    {
        "Pos": 17,
        "TeamName": "Rabbitohs",
        "Played": 1,
        "Points": 0,
        "Wins": 0,
        "Drawn": 0,
        "Lost": 1,
        "Byes": 0,
        "For": 24,
        "Against": 36,
        "Diff": -12,
        "Home": "0 - 0",
        "Away": "0 - 1",
        "Form": "0 - 1"
    }
]